<?xml version="1.0" encoding="utf-8"?>
<!--
  ~ Copyright 2017 Google Inc. All Rights Reserved.
  -->

<animation-list xmlns:android="http://schemas.android.com/apk/res/android"
    android:oneshot="false">
    <item android:drawable="@drawable/tv_content_1" android:duration="33" />
    <item android:drawable="@drawable/tv_content_2" android:duration="33" />
    <item android:drawable="@drawable/tv_content_3" android:duration="33" />
    <item android:drawable="@drawable/tv_content_4" android:duration="33" />
    <item android:drawable="@drawable/tv_content_5" android:duration="33" />
    <item android:drawable="@drawable/tv_content_6" android:duration="33" />
    <item android:drawable="@drawable/tv_content_7" android:duration="33" />
    <item android:drawable="@drawable/tv_content_8" android:duration="33" />
    <item android:drawable="@drawable/tv_content_9" android:duration="33" />
    <item android:drawable="@drawable/tv_content_10" android:duration="33" />
    <item android:drawable="@drawable/tv_content_11" android:duration="33" />
    <item android:drawable="@drawable/tv_content_12" android:duration="33" />
    <item android:drawable="@drawable/tv_content_13" android:duration="33" />
    <item android:drawable="@drawable/tv_content_14" android:duration="33" />
    <item android:drawable="@drawable/tv_content_15" android:duration="33" />
    <item android:drawable="@drawable/tv_content_16" android:duration="33" />
    <item android:drawable="@drawable/tv_content_17" android:duration="33" />
    <item android:drawable="@drawable/tv_content_18" android:duration="33" />
    <item android:drawable="@drawable/tv_content_19" android:duration="33" />
    <item android:drawable="@drawable/tv_content_20" android:duration="33" />
    <item android:drawable="@drawable/tv_content_21" android:duration="33" />
    <item android:drawable="@drawable/tv_content_22" android:duration="33" />
    <item android:drawable="@drawable/tv_content_23" android:duration="33" />
    <item android:drawable="@drawable/tv_content_24" android:duration="33" />
    <item android:drawable="@drawable/tv_content_25" android:duration="33" />
    <item android:drawable="@drawable/tv_content_26" android:duration="33" />
    <item android:drawable="@drawable/tv_content_27" android:duration="33" />
    <item android:drawable="@drawable/tv_content_28" android:duration="33" />
    <item android:drawable="@drawable/tv_content_29" android:duration="33" />
    <item android:drawable="@drawable/tv_content_30" android:duration="33" />
    <item android:drawable="@drawable/tv_content_31" android:duration="33" />
    <item android:drawable="@drawable/tv_content_32" android:duration="33" />
    <item android:drawable="@drawable/tv_content_33" android:duration="33" />
    <item android:drawable="@drawable/tv_content_34" android:duration="33" />
    <item android:drawable="@drawable/tv_content_35" android:duration="33" />
    <item android:drawable="@drawable/tv_content_36" android:duration="33" />
    <item android:drawable="@drawable/tv_content_37" android:duration="33" />
    <item android:drawable="@drawable/tv_content_38" android:duration="33" />
    <item android:drawable="@drawable/tv_content_39" android:duration="33" />
    <item android:drawable="@drawable/tv_content_40" android:duration="33" />
    <item android:drawable="@drawable/tv_content_41" android:duration="33" />
    <item android:drawable="@drawable/tv_content_42" android:duration="33" />
    <item android:drawable="@drawable/tv_content_43" android:duration="33" />
    <item android:drawable="@drawable/tv_content_44" android:duration="33" />
</animation-list>
