<?xml version="1.0" encoding="utf-8"?>
<!--
  ~ Copyright 2017 Google Inc. All Rights Reserved.
  -->

<resources>
    <!-- Title of a tutorial slide for Android TV -->
    <string name="pst_welcome_title">Welcome to Android TV</string>
    <!-- Description text of a tutorial slide for Android TV -->
    <string name="pst_welcome_desc">As your device is finishing setup, take a moment to walk through this quick tour of the features of your new device.</string>
    <!-- Title of a tutorial slide for Android TV -->
    <string name="pst_guide_title">Home is your guide to entertainment</string>
    <!-- Description text of a tutorial slide for Android TV -->
    <string name="pst_guide_desc">Pressing the Home button on your remote takes you to the Home guide. From here you can decide what to watch by browsing entertainment options from apps and live TV.</string>
    <!-- Title of a tutorial slide for Android TV -->
    <string name="pst_chan_title">Your Home has channels</string>
    <!-- Description text of a tutorial slide for Android TV -->
    <string name="pst_chan_desc">Discover great content from your favorite apps by browsing through the channels in your Home guide. To find more content, you can add additional channels, or find new apps in the Google Play store.</string>
    <!-- Title of a tutorial slide for Android TV -->
    <string name="pst_watch_title">Always know what to Watch Next</string>
    <!-- Description text of a tutorial slide for Android TV -->
    <string name="pst_watch_desc">Apps can help you resume watching where you left off and let you know when new episodes are available in the Watch Next channel at the top of your Home guide. You can also add content directly by pressing and holding on the select button when focused on a program.</string>
    <!-- Title of a tutorial slide for Android TV -->
    <string name="pst_asst_title">Meet your Google Assistant</string>
    <!-- Description text of a tutorial slide for Android TV -->
    <string name="pst_asst_desc">Ask it questions. Tell it to do things. To get started, press the mic button on your remote.</string>
    <!-- Title of a tutorial slide for Android TV -->
    <string name="pst_say_title">Say it to play it</string>
    <!-- Description text of a tutorial slide for Android TV -->
    <string name="pst_say_desc">Ask it to play your favorite show, video, or music. Or find the latest blockbuster to enjoy.</string>
    <!-- Title of a tutorial slide for Android TV -->
    <string name="pst_ask_title">Ask it anything</string>
    <!-- Description text of a tutorial slide for Android TV -->
    <string name="pst_ask_desc">Ask about the weather, sports, traffic, and more. You can even ask it to dim the lights.</string>
    <!-- Title of a tutorial slide for Android TV -->
    <string name="pst_entertain_title">A world of entertainment from Google Play</string>
    <!-- Description text of a tutorial slide for Android TV -->
    <string name="pst_entertain_desc">Buy or rent the newest movies and shows from the Play Movies &amp;amp; TV app. Listen to your favorite playlist plus millions of songs with a subscription to Google Play Music.</string>
    <!-- Title of a tutorial slide for Android TV -->
    <string name="pst_cast_title">Chromecast Built-In</string>
    <!-- Description text of a tutorial slide for Android TV -->
    <string name="pst_cast_desc">Stream your favorite entertainment from your phone, tablet or laptop right to your TV.</string>
</resources>